{"Bubble sort": {"n": [10, 100, 200, 300, 400, 1000, 2000, 5000, 7500, 10000], "times": [2e-05, 0.00058, 0.00224, 0.00541, 0.01076, 0.07109, 0.30075, 1.81216, 4.0803, 7.25682]}, "Selection sort": {"n": [10, 100, 200, 300, 400, 1000, 2000, 5000, 7500, 10000], "times": [1e-05, 0.00024, 0.00077, 0.00212, 0.00348, 0.02181, 0.08198, 0.53365, 1.12168, 2.00924]}, "Insert sort": {"n": [10, 100, 200, 300, 400, 1000, 2000, 5000, 7500, 10000], "times": [2e-05, 0.00018, 0.00066, 0.00146, 0.00287, 0.02088, 0.08235, 0.49265, 1.05198, 1.89203]}, "Merge sort": {"n": [10, 100, 200, 300, 400, 1000, 2000, 5000, 7500, 10000], "times": [2e-05, 0.00015, 0.00029, 0.00056, 0.00075, 0.0017, 0.00365, 0.0103, 0.01531, 0.02197]}}