{"Bubble sort": {"n": [10, 100, 200, 300, 400, 1000, 2000, 5000, 7500, 10000], "times": [3e-05, 0.0006, 0.00228, 0.00532, 0.01059, 0.07095, 0.29905, 1.83304, 4.103, 7.31096]}, "Selection sort": {"n": [10, 100, 200, 300, 400, 1000, 2000, 5000, 7500, 10000], "times": [2e-05, 0.00024, 0.00074, 0.0019, 0.00336, 0.02125, 0.08217, 0.48816, 1.10762, 2.01887]}, "Insert sort": {"n": [10, 100, 200, 300, 400, 1000, 2000, 5000, 7500, 10000], "times": [1e-05, 0.00018, 0.00068, 0.00146, 0.00279, 0.0195, 0.079, 0.47218, 1.07132, 1.92559]}, "Merge sort": {"n": [10, 100, 200, 300, 400, 1000, 2000, 5000, 7500, 10000], "times": [1e-05, 0.00017, 0.0003, 0.00049, 0.0007, 0.00171, 0.00356, 0.00959, 0.0153, 0.02134]}}