{"sizes": [10000, 20000, 30000, 40000, 50000, 60000, 70000, 80000, 90000, 100000], "d": [2, 5, 7], "results": [[[0.00458, 0.00893, 0.01382, 0.01864, 0.02218, 0.02585, 0.03066, 0.03467, 0.03794, 0.04169], [0.00234, 0.00498, 0.00745, 0.01037, 0.01253, 0.01526, 0.01784, 0.02022, 0.02229, 0.02476], [0.00211, 0.00455, 0.00657, 0.00945, 0.01154, 0.01368, 0.01614, 0.01816, 0.0202, 0.02267]], [[0.05641, 0.12473, 0.1905, 0.27094, 0.34175, 0.40616, 0.47467, 0.55844, 0.6318, 0.71978], [0.04874, 0.10371, 0.16188, 0.22733, 0.28592, 0.35348, 0.41879, 0.478, 0.5468, 0.61326], [0.05193, 0.11469, 0.17286, 0.2371, 0.3047, 0.37871, 0.44053, 0.51974, 0.5834, 0.6571]]]}